Nr;Gebiet;gehört zu;Wahlberechtigte;Wähler;Ungültige_Erststimmen;Ungültige_Zweitstimmen;Gültige_Erststimmen;Gültige_Zweitstimmen;CDU/CSU_Erststimmen;CDU/CSU_Zweitstimmen;SPD_Erststimmen;SPD_Zweitstimmen;DIE LINKE_Erststimmen;DIE LINKE_Zweitstimmen;GRÜNE_Erststimmen;GRÜNE_Zweitstimmen;FDP_Erststimmen;FDP_Zweitstimmen;AfD_Erststimmen;AfD_Zweitstimmen
1;Flensburg – Schleswig;1;228471;171914;1596;1449;170318;170465;68120;58320;47711;40388;12144;14002;17911;22304;11147;18955;10583;11653
2;Nordfriesland – Dithmarschen Nord;1;186568;139194;1297;1123;137897;138071;62256;52928;34685;31120;7102;8589;13026;15144;11105;18050;8117;9030
3;Steinburg – Dithmarschen Süd;1;176636;132017;1134;1139;130883;130878;54812;47366;34219;29756;7176;8732;8791;12960;14440;17298;10006;11180
4;Rendsburg-Eckernförde;1;200831;157354;1252;1087;156102;156267;66625;56585;45070;35766;8074;9962;13978;19337;10077;19071;10656;11578
5;Kiel;1;204650;153273;1594;1204;151679;152069;46560;40736;46991;36208;11114;15546;21743;26143;11363;17804;9283;10504
6;Plön – Neumünster;1;174937;131713;1224;1199;130489;130514;53109;43778;37728;31013;7009;8503;11736;16350;9379;16481;10223;11161
7;Pinneberg;1;238533;187715;1620;1343;186095;186372;73816;63863;56460;42729;11270;13111;15379;21336;14441;24735;14729;15977
8;Segeberg – Stormarn-Mitte;1;247296;193280;1508;1335;191772;191945;78824;66367;52434;43027;10838;13237;16004;21010;15617;26043;15682;17166
9;Ostholstein – Stormarn-Nord;1;181522;138439;1150;1144;137289;137295;56996;48898;42232;33764;6062;8303;9539;13493;10047;18147;10790;11782
10;Herzogtum Lauenburg – Stormarn-Süd;1;244930;193334;1569;1363;191765;191971;75737;66031;52171;42815;9785;12480;18688;20826;15775;26163;17435;18792
11;Lübeck;1;181638;130961;2228;1167;128733;129794;45432;38263;43578;32919;;12213;16785;16568;8312;14097;11137;11539
1;Schleswig-Holstein;99;2266012;1729194;16172;13553;1713022;1715641;682287;583135;493279;399505;90574;124678;163580;205471;131703;216844;128641;140362

12;Schwerin – Ludwigslust-Parchim I – Nordwestmecklenburg I;13;216800;157071;1969;1660;155102;155411;49733;51083;34267;28947;26655;25929;5837;6606;7470;9879;24764;25692
13;Ludwigslust-Parchim II – Nordwestmecklenburg II – Landkreis Rostock I;13;205876;146768;1930;1657;144838;145111;43453;48841;34705;25029;23433;24409;5858;5521;8290;9008;25262;25688
14;Rostock – Landkreis Rostock II;13;222913;164016;1777;1694;162239;162322;47923;49433;29056;25650;40202;33575;8333;10229;7368;10661;23785;25171
15;Vorpommern-Rügen – Vorpommern-Greifswald I;13;240887;169528;1866;2116;167662;167412;73746;55110;19515;20405;26650;30107;5081;8498;5229;11490;32173;32881
16;Mecklenburgische Seenplatte I – Vorpommern-Greifswald II;13;226039;156965;2337;2152;154628;154813;48269;51789;21493;19064;29462;27246;3898;4068;8909;8659;36273;35595
17;Mecklenburgische Seenplatte II – Landkreis Rostock III;13;212099;144239;1863;1798;142376;142441;53538;51007;22401;20594;24728;24102;4739;4592;6633;8198;26199;27382
13;Mecklenburg-Vorpommern;99;1324614;938587;11742;11077;926845;927510;316662;307263;161437;139689;171130;165368;33746;39514;43899;57895;168456;172409

18;Hamburg-Mitte;2;243543;175731;1716;1438;174015;174293;42149;40909;53795;41551;24083;26109;22368;25164;11202;16255;12728;13940
19;Hamburg-Altona;2;185944;146090;1161;864;144929;145226;37575;36139;41947;29680;19704;22766;20817;26036;12482;16306;7425;8028
20;Hamburg-Eimsbüttel;2;192399;156013;1283;810;154730;155203;44416;41826;48920;34575;16123;19290;23220;26372;10537;17463;8777;9138
21;Hamburg-Nord;2;217226;178760;1397;886;177363;177874;59441;55737;54695;38150;13277;16720;24065;25584;14911;24652;9701;10963
22;Hamburg-Wandsbek;2;235513;172574;1707;1273;170867;171301;50822;49482;59086;45542;15673;16847;12112;17773;12007;17621;16208;16732
23;Hamburg-Bergedorf – Harburg;2;222031;155758;1990;1537;153768;154221;43274;42219;53446;40364;16382;17344;11903;15442;8039;13313;16688;17710
2;Hamburg;99;1296656;984926;9254;6808;975672;978118;277677;266312;311889;229862;105242;119076;114485;136371;69178;105610;71527;76511

24;Aurich – Emden;3;191541;142676;3092;1605;139584;141071;38531;39552;69231;53353;9403;10142;9787;10503;6882;10079;;12877
25;Unterems;3;235234;176342;1553;1390;174789;174952;87406;74173;48959;48194;7726;9459;8255;10258;7758;13629;13387;14620
26;Friesland – Wilhelmshaven – Wittmund;3;189344;139153;1810;1557;137343;137596;44537;45098;54504;42207;8127;9738;7542;9984;8074;12958;11392;12490
27;Oldenburg – Ammerland;3;226253;175967;1797;1286;174170;174681;52598;53417;63235;45514;14081;16351;19827;21821;10635;18136;11592;12625
28;Delmenhorst – Wesermarsch – Oldenburg-Land;3;227696;170194;1966;1375;168228;168819;57390;56526;55326;47622;10262;11567;12933;13525;15208;17076;15122;16392
29;Cuxhaven – Stade II;3;187679;141726;1433;1007;140293;140719;59930;54163;43077;38923;8121;9121;8491;9709;6984;11483;11862;12650
30;Stade I – Rotenburg II;3;197297;153044;1192;849;151852;152195;67463;59229;42829;37361;7994;9564;10613;12511;8797;14538;12590;13513
31;Mittelems;3;230151;179811;1187;959;178624;178852;95815;88310;47107;41983;6813;8167;8900;10803;10089;16181;8949;9701
32;Cloppenburg – Vechta;3;220042;163669;1550;1153;162119;162516;93545;86301;32997;28870;6640;7145;7034;8207;8306;15298;12683;13145
33;Diepholz – Nienburg I;3;193934;148298;1480;1020;146818;147278;65465;55833;40102;37505;7759;8951;11252;11992;10285;15515;11955;12434
34;Osterholz – Verden;3;196136;153036;1268;1238;151768;151798;59560;53035;48505;40047;10714;11055;10146;14052;8273;13464;12995;14675
35;Rotenburg I – Heidekreis;3;168101;127071;974;967;126097;126104;45510;47558;51938;34211;5219;7422;6053;10068;5659;10699;10331;11671
36;Harburg;3;199081;161837;1325;982;160512;160855;65223;57815;44017;35377;8638;10117;14565;16410;10458;18839;14826;16047
37;Lüchow-Dannenberg – Lüneburg;3;180865;141000;1382;861;139618;140139;46740;43861;39169;32865;11729;12705;20604;18906;9245;12959;12131;12498
38;Osnabrück-Land;3;199131;151302;1226;1107;150076;150195;68379;60737;42438;38529;7908;9156;11613;12346;9576;14603;9934;10940
39;Stadt Osnabrück;3;196720;152107;2699;938;149408;151169;60185;53977;47279;37336;12521;12759;15108;18353;13353;14309;;9499
40;Nienburg II – Schaumburg;3;194800;146673;1196;1019;145477;145654;59128;49896;47615;43307;6530;8289;11206;11831;6539;12430;13292;14945
41;Stadt Hannover I;3;179883;134805;1390;956;133415;133849;39487;36401;47549;36645;9579;12470;12102;16292;8734;13658;11364;12226
42;Stadt Hannover II;3;193433;149031;1407;940;147624;148091;42713;36203;49744;37964;13775;17823;16486;22079;8165;14735;10590;11241
43;Hannover-Land I;3;232926;181650;1554;1274;180096;180376;72282;62828;59552;48783;8958;10890;10725;14335;9325;18869;17217;18366
44;Celle – Uelzen;3;214612;162145;1349;1139;160796;161006;68655;58858;48189;40899;7901;9297;9266;12478;8830;16334;16199;17554
45;Gifhorn – Peine;3;218556;168861;1488;1288;167373;167573;60345;56567;63294;50445;8827;10166;9342;12094;8062;14004;16501;18289
46;Hameln-Pyrmont – Holzminden;3;187377;139780;1311;1107;138469;138673;46181;44424;54130;44190;8220;9130;7511;9995;8034;12531;13143;14054
47;Hannover-Land II;3;239923;188495;1729;1479;186766;187016;65815;58984;69104;55161;10124;12305;10693;16290;10092;17925;17570;19392
48;Hildesheim;3;218349;169613;1752;1316;167861;168297;60457;54871;62448;52077;8502;10932;12691;14806;9330;13876;14433;15695
49;Salzgitter – Wolfenbüttel;3;206133;157046;1567;1327;155479;155719;45310;45985;66587;50482;9290;11266;6680;10213;7268;12450;18564;19115
50;Braunschweig;3;192041;147712;1362;1055;146350;146657;45881;42534;55641;38695;11145;13673;11761;17295;7877;14684;11377;12268
51;Helmstedt – Wolfsburg;3;183961;137303;1471;1291;135832;136012;47416;47037;51646;40740;8128;9050;6096;8064;7791;10988;13857;14862
52;Goslar – Northeim – Osterode;3;202963;150977;1605;1187;149372;149790;59391;48131;51953;48016;8525;9521;8128;9929;7438;13734;13937;15132
53;Göttingen;3;220420;170547;1439;1223;169108;169324;56250;51177;59032;47871;9905;14748;19131;19676;7734;15421;11870;13446
3;Niedersachsen;99;6124582;4681871;46554;34895;4635317;4646976;1777588;1623481;1557197;1275172;273064;322979;334541;404825;264801;431405;369663;422362

54;Bremen I;4;252496;188064;2627;1688;185437;186376;44912;48458;55656;45729;22666;26425;22117;23568;20702;19138;14290;15539
55;Bremen II – Bremerhaven;4;221655;147855;2249;1908;145606;145947;36363;34951;49463;43215;16739;18204;11269;13165;9755;11918;16645;17705
4;Bremen;99;474151;335919;4876;3596;331043;332323;81275;83409;105119;88944;39405;44629;33386;36733;30457;31056;30935;33244

56;Prignitz – Ostprignitz-Ruppin – Havelland I;12;176002;120228;1813;1820;118415;118408;36481;35215;28061;24884;20849;19447;3547;4231;4226;6555;21296;22183
57;Uckermark – Barnim I;12;184716;129870;1994;1857;127876;128013;39102;36160;24843;21650;23589;23870;4714;5187;4859;7021;25804;26605
58;Oberhavel – Havelland II;12;243108;185012;2722;2402;182290;182610;54455;51968;41423;33856;26839;26091;9685;11684;9514;13912;32762;33987
59;Märkisch-Oderland – Barnim II;12;226424;170039;2434;2343;167605;167696;47594;42113;26526;25908;37721;34632;8972;7800;7111;11007;33915;34701
60;Brandenburg an der Havel – Potsdam-Mittelmark I – Havelland III – Teltow-Fläming I;12;183182;128058;2260;1913;125798;126145;39991;35556;31548;26055;19038;20925;4293;5238;5763;8194;21312;22633
61;Potsdam – Potsdam-Mittelmark II – Teltow-Fläming II;12;247441;195802;2292;1933;193510;193869;48095;48015;50588;35773;31840;35106;15549;19079;14425;17768;23890;26133
62;Dahme-Spreewald – Teltow-Fläming III – Oberspreewald-Lausitz I;12;248708;187607;3229;2697;184378;184910;56607;49982;36148;32565;30278;29217;8127;8617;8910;13718;37358;38915
63;Frankfurt (Oder) – Oder-Spree;12;194759;140051;2092;2053;137959;137998;37344;33888;23598;22702;26401;26202;4504;5896;7008;9241;30261;30477
64;Cottbus – Spree-Neiße;12;178676;132113;2390;2085;129723;130028;36855;31366;22019;19729;20359;21456;4319;4093;7426;9941;32776;34905
65;Elbe-Elster – Oberspreewald-Lausitz II;12;168543;123365;2517;2211;120848;121154;35633;33576;20142;18700;19583;18775;3543;3146;6492;8128;29830;30564
12;Brandenburg;99;2051559;1512145;23743;21314;1488402;1490831;432157;397839;304896;261822;256497;255721;67253;74971;75734;105485;289204;301103

66;Altmark;15;165625;111193;1738;1330;109455;109863;35644;36022;20900;18721;20973;20346;3738;3648;7388;7838;18031;18419
67;Börde – Jerichower Land;15;220786;150499;4551;2411;145948;148088;55110;47566;29174;24053;29616;24555;3540;4236;11080;11413;;27905
68;Harz;15;215607;143567;2439;2036;141128;141531;51386;47574;24767;22915;27104;25069;4462;4968;6923;9902;22792;23860
69;Magdeburg;15;238060;162894;2338;2117;160556;160777;44021;44616;34877;27513;30299;30056;6417;8564;10796;12713;24509;26051
70;Dessau – Wittenberg;15;177005;123466;2067;1722;121399;121744;42781;38751;14806;17360;22086;21102;5607;4299;6051;8940;23520;24327
71;Anhalt;15;224401;147946;2754;2407;145192;145539;45843;44620;18687;20289;30757;25887;2854;3455;9213;10848;32281;32349
72;Halle;15;214668;152467;2192;2173;150275;150294;40690;39833;32053;21196;30530;28892;5475;10457;10131;13533;26018;26727
73;Burgenland – Saalekreis;15;191636;131219;2304;2007;128915;129212;43254;38678;16930;17098;21819;21042;3198;3366;8538;10132;30112;31781
74;Mansfeld;15;207103;140223;2566;2291;137657;137932;42725;39751;20864;19835;24863;23909;3647;3250;11091;11236;32864;32982
15;Sachsen-Anhalt;99;1854891;1263474;22949;18494;1240525;1244980;401454;377411;213058;188980;238047;220858;38938;46243;81211;96555;210127;244401

75;Berlin-Mitte;11;206706;151412;2341;1969;149071;149443;27654;27861;35036;26788;30492;32118;26781;25708;9017;12972;11782;12289
76;Berlin-Pankow;11;237071;188499;2186;1847;186313;186652;36429;36994;30509;29185;53618;43774;26376;26651;7890;12321;22487;23315
77;Berlin-Reinickendorf;11;182398;137240;2380;2135;134860;135105;49654;41912;31882;27071;10384;11516;10647;12305;9688;15376;17738;18513
78;Berlin-Spandau – Charlottenburg Nord;11;184608;133009;2435;2262;130574;130747;40372;36712;41965;29733;9861;12780;8031;11063;8292;12927;17551;18481
79;Berlin-Steglitz-Zehlendorf;11;221210;180720;2347;1763;178373;178957;63085;53281;43801;34279;13392;16352;22712;25361;16159;25461;14549;15824
80;Berlin-Charlottenburg-Wilmersdorf;11;198672;158034;1920;1387;156114;156647;47077;40085;43123;30351;14745;18367;21286;24770;14426;23280;11722;12374
81;Berlin-Tempelhof-Schöneberg;11;235250;181159;2493;2078;178666;179081;51708;44721;39380;36179;19356;23625;33763;27956;11362;18569;16188;17108
82;Berlin-Neukölln;11;202618;143553;2448;2140;141105;141413;34593;31592;37777;27520;23204;25752;15480;18446;7255;10891;15105;15904
83;Berlin-Friedrichshain-Kreuzberg – Prenzlauer Berg Ost;11;223427;173289;1940;1545;171349;171744;20955;23887;29028;27391;42600;49016;45055;35077;5263;10147;10558;10863
84;Berlin-Treptow-Köpenick;11;205106;157111;1919;1923;155192;155188;29384;31372;21379;24109;61881;39000;7755;12168;5831;10067;23245;26278
85;Berlin-Marzahn-Hellersdorf;11;200704;138992;2207;2053;136785;136939;30480;28620;17172;19797;46782;35698;4440;5621;4852;7290;28167;29618
86;Berlin-Lichtenberg;11;205300;149116;2044;1990;147072;147126;28905;27284;20720;21850;51249;43172;8609;9821;5018;7745;23119;24603
11;Berlin;99;2503070;1892134;26660;23092;1865474;1869042;460296;424321;391772;334253;377564;351170;230935;234947;105053;167046;212211;225170

87;Aachen I;5;179273;140624;1267;823;139357;139801;47011;38827;45309;34663;12282;14459;13104;17918;10232;19795;7817;8271
88;Aachen II;5;228248;173149;1973;1542;171176;171607;62405;52656;63135;60539;8785;10105;7782;8436;11038;19213;15114;14853
89;Heinsberg;5;190051;142330;1726;1440;140604;140890;64121;55605;39301;36421;6424;7909;6964;7281;9334;16111;11652;12313
90;Düren;5;199675;151595;1757;1461;149838;150134;62711;52412;47543;43816;6611;8809;8235;8198;8788;17155;13404;14432
91;Rhein-Erft-Kreis I;5;248982;191505;2166;1637;189339;189868;74207;63664;58792;50014;8590;11392;10354;12526;17648;27398;17113;18091
92;Euskirchen – Rhein-Erft-Kreis II;5;246753;187796;2221;1600;185575;186196;79493;66503;48592;43498;10835;11403;10689;12447;18316;27410;17650;18325
93;Köln I;5;192574;139718;1522;1087;138196;138631;43683;36565;42799;33666;11898;15271;13535;15800;10652;18067;11952;12290
94;Köln II;5;240985;197979;1218;901;196761;197078;68657;56165;52880;38485;15704;21100;28716;30630;17816;33760;9057;9964
95;Köln III;5;203647;150629;1531;1104;149098;149525;41106;36500;48148;36849;14431;19118;19621;20973;10599;16850;11249;11731
96;Bonn;5;227583;180439;1498;1231;178941;179208;57330;53334;62377;36119;10193;17133;15056;25197;18724;28113;10882;13136
97;Rhein-Sieg-Kreis I;5;237415;184295;3732;1538;180563;182757;79987;62334;49988;40922;14684;13038;11762;13757;18768;27267;;18237
98;Rhein-Sieg-Kreis II;5;216020;174513;1615;1350;172898;173163;80441;61425;39246;34583;9543;11116;13643;15192;14491;30142;14592;15226
99;Oberbergischer Kreis;5;208418;156593;1962;1559;154631;155034;67603;56567;41305;35078;7999;9887;9489;9995;12123;21353;15648;16413
100;Rheinisch-Bergischer Kreis;5;217425;174420;2180;1891;172240;172529;68948;61423;42098;36221;8409;11042;11846;15581;27049;28787;12476;13777
101;Leverkusen – Köln IV;5;212212;155139;1619;1428;153520;153711;47272;43175;59373;41671;9430;14284;8722;13472;10114;18719;13408;14970
102;Wuppertal I;5;208129;149950;1944;1383;148006;148567;43814;39341;46657;38696;13120;16100;10987;12754;12910;18437;16339;16431
103;Solingen – Remscheid – Wuppertal II;5;222845;164019;2257;1550;161762;162469;61871;51318;49863;40743;10105;12689;9403;11726;12548;22947;15303;16221
104;Mettmann I;5;205244;160315;1765;1150;158550;159165;70762;54126;40819;36596;8647;10216;11014;11796;13202;25757;14106;15053
105;Mettmann II;5;163229;125496;1510;1056;123986;124440;48689;40601;37468;30492;6825;8458;7567;8599;10795;19691;11143;11926
106;Düsseldorf I;5;220764;172947;1560;1037;171387;171910;69273;55052;41903;33493;12611;14675;14408;17148;21944;33940;10912;12029
107;Düsseldorf II;5;193175;143599;1771;1053;141828;142546;47950;40606;38727;33218;18499;14111;11778;14379;13049;21277;11530;12968
108;Neuss I;5;214779;160050;1758;1275;158292;158775;69658;56983;45314;37438;8535;9895;8131;9583;11471;23585;13675;14887
109;Mönchengladbach;5;190552;132006;1563;1170;130443;130836;57766;46786;31766;30547;8921;9627;7814;8169;10225;17946;11910;12373
110;Krefeld I – Neuss II;5;201450;155434;1761;1244;153673;154190;65228;54907;39142;34051;7815;9805;10140;10871;17673;26859;11196;12104
111;Viersen;5;227423;173280;1690;1262;171590;172018;82165;65475;42932;38368;8747;10342;11478;11591;14233;27576;12035;12841
112;Kleve;5;226096;169057;1674;1399;167383;167658;75375;69700;51197;39316;7096;9366;8230;10098;12692;22687;11019;11621
113;Wesel I;5;207178;160344;1663;1246;158681;159098;61849;53623;52085;45627;9461;10637;8763;9743;12644;19709;13615;14325
114;Krefeld II – Wesel II;5;179118;133705;1608;1175;132097;132530;48817;40955;42219;36714;7418;10090;8063;9307;10769;18032;11294;12186
115;Duisburg I;5;167998;121638;2870;2022;118768;119616;34053;30746;45455;37925;8146;10369;6648;7844;8289;12491;13648;13549
116;Duisburg II;5;160204;103704;3396;1912;100308;101792;26522;22830;34799;34695;8885;8546;4622;4493;7054;8369;16643;15794
117;Oberhausen – Wesel III;5;204816;150312;2191;1451;148121;148861;43077;39085;56987;49165;11331;12373;8349;8228;9357;14890;18197;18560
118;Mülheim – Essen I;5;187746;142858;1794;1207;141064;141651;44219;39847;49226;41731;9210;10546;8690;9465;12729;18337;16221;16200
119;Essen II;5;163326;110369;1615;1154;108754;109215;28912;25606;40601;34727;8555;9524;5846;6746;7207;10583;17153;16339
120;Essen III;5;192918;153336;1232;927;152104;152409;56393;45826;46829;37699;9846;12574;12511;14312;12639;23068;12306;12735
121;Recklinghausen I;5;169267;123958;1716;1074;122242;122884;37792;35108;47257;38822;8043;8970;6079;7132;8791;12674;13953;14777
122;Recklinghausen II;5;189376;140795;4648;1285;136147;139510;46982;41079;56019;44224;11502;9201;6363;7189;13903;14759;;17387
123;Gelsenkirchen;5;175210;119414;1993;1348;117421;118066;29768;26452;45017;39524;7614;8703;5444;5489;7864;10834;19836;20113
124;Steinfurt I – Borken I;5;202192;154606;1424;1028;153182;153578;78579;67425;39584;35466;7554;8433;8118;9142;10082;19339;9265;9719
125;Bottrop – Recklinghausen III;5;202793;151842;1983;1328;149859;150514;50334;44967;55128;47013;9505;10292;6522;7248;9667;15741;17756;18710
126;Borken II;5;199978;158146;2375;1090;155771;157056;81496;73881;39412;33697;6969;6540;10496;9220;14216;20609;;9405
127;Coesfeld – Steinfurt II;5;192946;156813;2434;987;154379;155826;79677;68636;36250;32787;9577;8394;12680;11667;16195;21116;;9496
128;Steinfurt III;5;195571;152541;1364;1158;151177;151383;67678;57215;45797;41815;8520;9692;9857;11026;8533;17205;9530;10342
129;Münster;5;232294;191090;1236;964;189854;190126;70606;62276;54778;39714;13024;19287;24248;27739;13219;25684;8569;9393
130;Warendorf;5;209604;163531;1945;1387;161586;162144;75017;65357;45094;38992;7738;8997;8968;10815;11291;21175;11078;12025
131;Gütersloh I;5;234272;176708;2082;1681;174626;175027;81298;67175;48942;40104;7582;10595;9992;13817;11401;22848;13996;15081
132;Bielefeld – Gütersloh II;5;246216;186152;2075;1536;184077;184616;56485;50995;61086;46883;16489;20522;17728;20567;13495;21364;15028;16514
133;Herford – Minden-Lübbecke II;5;228976;168664;2072;1617;166592;167047;59571;52994;61205;47940;9353;11589;8444;11485;9411;19186;16633;18098
134;Minden-Lübbecke I;5;204203;151181;1651;1508;149530;149673;53057;49160;55868;43966;7862;9432;7372;9625;10575;16865;14796;15829
135;Lippe I;5;170501;128938;1661;1401;127277;127537;46526;40214;40908;35509;6870;8399;7671;8869;10690;15916;13005;14147
136;Höxter – Lippe II;5;211026;159883;2029;1692;157854;158191;69910;58939;42211;39038;8724;10188;9400;10194;10813;19543;14443;15197
137;Paderborn – Gütersloh III;5;249359;187479;1882;1582;185597;185897;99004;75628;36983;35055;9554;12292;11116;13612;10228;24976;16891;18484
138;Hagen – Ennepe-Ruhr-Kreis I;5;207384;150044;1745;1250;148299;148794;44948;42972;58206;43548;8045;10743;5752;8673;11727;18722;16716;17622
139;Ennepe-Ruhr-Kreis II;5;178506;137632;3256;1208;134376;136424;44273;37284;49333;40767;10804;11092;11538;11142;14175;17270;;13190
140;Bochum I;5;206460;156941;1924;1237;155017;155704;43773;39580;57655;46243;15462;15953;11937;13862;10923;17449;14775;15190
141;Herne – Bochum II;5;179247;127974;2230;1484;125744;126490;30361;29629;52672;43312;10064;10860;6992;7414;8448;11560;16799;17001
142;Dortmund I;5;211316;156097;1571;1174;154526;154923;44228;37967;59990;46424;11874;15506;11281;14702;9063;17193;14644;15197
143;Dortmund II;5;203300;143834;1945;1418;141889;142416;39933;34822;55038;46513;12242;12924;9047;10190;9031;15403;15074;15510
144;Unna I;5;197873;150831;1446;1251;149385;149580;47452;40697;58019;50205;8048;10313;9600;10254;9635;17196;13558;14689
145;Hamm – Unna II;5;235213;171524;1956;1789;169568;169735;59700;51475;61717;53467;9949;11837;7409;8938;9970;17678;17713;19068
146;Soest;5;232301;174364;1872;1290;172492;173074;73595;62764;50458;43184;9756;11702;9459;10723;13681;23296;15311;16165
147;Hochsauerlandkreis;5;202768;154014;1399;1200;152615;152814;73185;63651;41047;34865;6452;8183;6476;7198;12893;21919;11115;12216
148;Siegen-Wittgenstein;5;212912;162306;1605;1347;160701;160959;64484;54648;48560;42551;9554;12624;6885;8857;11742;19125;15728;17154
149;Olpe – Märkischer Kreis I;5;206716;152542;1782;1253;150760;151289;72158;61394;39699;35269;7197;8205;5170;6866;13230;20758;13306;13847
150;Märkischer Kreis II;5;200546;145474;3381;1252;142093;144222;53714;49061;54890;37193;11113;9427;5356;7060;15221;19328;;16688
5;Nordrhein-Westfalen;99;13174577;9938461;124291;85084;9814170;9853377;3756952;3214013;3073698;2557876;626631;736904;641360;744970;787235;1293052;799777;928425

151;Nordsachsen;14;163916;118170;1732;1607;116438;116563;38207;34321;16248;14519;20028;17173;3070;3021;7641;9189;31244;31301
152;Leipzig I;14;220654;161407;1626;1477;159781;159930;43919;37622;26330;20674;31132;31137;8735;11300;9074;13565;32702;33291
153;Leipzig II;14;227718;175198;1562;1414;173636;173784;42778;38111;23787;22725;43948;39058;17273;18154;10052;14866;25968;27774
154;Leipzig-Land;14;215616;161321;2317;1930;159004;159391;54152;47944;18221;18139;24801;23368;6219;5157;10048;12859;45563;42823
155;Meißen;14;201310;152988;2056;2075;150932;150913;55326;39406;13486;13148;19122;20111;5051;5531;7991;13156;46765;49615
156;Bautzen I;14;213990;161319;2443;2477;158876;158842;48579;42995;15836;14378;24221;22597;3247;3768;9247;12122;52770;52041
157;Görlitz;14;213021;156089;2446;2369;153643;153720;48256;41000;16801;14249;20853;21534;4995;4476;7661;10810;49834;50551
158;Sächsische Schweiz-Osterzgebirge;14;202580;156342;2443;1967;153899;154375;44354;39581;11100;12040;22614;19708;4575;4643;9933;12795;57554;54749
159;Dresden I;14;232636;182849;2202;1731;180647;181118;44388;44104;23906;19246;37936;31004;11765;13936;13590;18610;40380;41812
160;Dresden II – Bautzen II;14;235464;186818;2125;1654;184693;185164;47185;42792;20593;17977;32397;32040;15839;16588;12843;17684;41202;43126
161;Mittelsachsen;14;201629;150648;1974;1759;148674;148889;48230;41189;17782;14487;20785;21582;4626;4112;8652;11767;46827;46522
162;Chemnitz;14;195929;147218;1665;1347;145553;145871;38653;36270;22413;17373;28213;28010;6157;6818;9535;12184;34958;35456
163;Chemnitzer Umland – Erzgebirgskreis II;14;183483;138891;2221;1708;136670;137183;48012;41947;14142;14524;23174;20972;4609;3850;10345;10542;36388;36746
164;Erzgebirgskreis I;14;220917;166701;3149;2730;163552;163971;56716;50759;14707;15452;24808;23090;4334;3661;11820;12106;49465;47952
165;Zwickau;14;207606;150950;7570;2121;143380;148829;48347;45106;18219;16131;36881;24665;6513;4327;19181;11253;;38964
166;Vogtlandkreis;14;193081;142775;2420;1914;140355;140861;49104;42604;15538;16043;21809;22578;5292;4266;7836;10154;36428;37217
14;Sachsen;99;3329550;2509684;39951;30280;2469733;2479404;756206;665751;289109;261105;432722;398627;112300;113608;165449;203662;628048;669940

167;Waldeck;6;186825;142852;2214;2119;140638;140733;47269;42232;49341;43446;8600;9891;8062;9660;9930;13918;15438;16411
168;Kassel;6;222451;167855;2577;2452;165278;165403;44425;41736;58759;46769;14472;18677;15466;18935;9759;15046;16501;17288
169;Werra-Meißner – Hersfeld-Rotenburg;6;175992;133726;2494;2659;131232;131067;39302;38531;54033;42737;7281;8746;5236;7843;6594;11096;16411;17173
170;Schwalm-Eder;6;188074;145743;2656;2691;143087;143052;43514;41795;53892;44847;7852;9270;8003;9436;9298;13118;17198;18504
171;Marburg;6;183296;142365;1799;1579;140566;140786;46888;42377;50214;37202;11557;14420;8989;13088;6044;12191;14378;16125
172;Lahn-Dill;6;208744;155002;2448;2201;152554;152801;58417;51125;45375;37794;7116;10210;8909;10768;9590;14821;17874;20931
173;Gießen;6;217806;166621;2463;2308;164158;164313;57610;49518;46216;39252;10346;13798;13619;15898;12641;16926;18918;20358
174;Fulda;6;209966;161981;2682;3299;159299;158682;71946;61811;32150;28745;7669;9266;8874;10593;8437;17122;27990;25145
175;Main-Kinzig – Wetterau II – Schotten;6;179307;138193;2324;2167;135869;136026;49479;43147;38462;32069;8007;8938;7346;9614;8326;14144;20172;20927
176;Hochtaunus;6;181516;146315;2055;1706;144260;144609;57579;48436;33201;28947;8556;9562;12884;14074;14954;21713;15075;16132
177;Wetterau I;6;176435;138853;1932;1633;136921;137220;49891;43951;39773;31152;6719;9249;11368;13002;11047;17462;14987;15895
178;Rheingau-Taunus – Limburg;6;220342;173627;2289;2002;171338;171625;71555;59346;43427;35604;9394;11069;12020;15273;13053;22650;17439;20399
179;Wiesbaden;6;189372;139775;1810;1546;137965;138229;47309;40022;39396;29247;10558;13160;12321;16286;9693;18400;14417;15496
180;Hanau;6;177469;134190;2131;1867;132059;132323;46656;39126;40185;31150;7715;10006;8054;11345;8418;15185;16907;18626
181;Main-Taunus;6;197291;160647;2122;1788;158525;158859;66490;54902;34527;28786;7887;9504;14458;16752;17224;26571;15319;16395
182;Frankfurt am Main I;6;199775;144841;1792;1614;143049;143227;43663;37221;38704;29743;13934;17179;15596;19475;13185;19989;12892;13342
183;Frankfurt am Main II;6;223942;172393;1824;1620;170569;170773;55221;45731;44240;33511;15523;20059;23026;26415;13877;24336;13033;13737
184;Groß-Gerau;6;174727;133318;2461;2138;130857;131180;45963;39950;42342;33318;8729;10755;8877;11862;7358;12645;14805;15943
185;Offenbach;6;220194;163580;2597;2286;160983;161294;58565;49302;40106;34519;12435;14261;14246;16421;12420;20372;18047;19050
186;Darmstadt;6;242622;192508;2733;2133;189775;190375;58216;52218;56442;42638;16146;19508;26939;27317;11739;20893;17227;18654
187;Odenwald;6;234422;184974;3143;2745;181831;182229;65654;59635;52761;42516;11138;13433;14181;16084;13139;19948;21347;22258
188;Bergstraße;6;198418;156082;2343;1988;153739;154094;59781;51088;41408;34435;8511;10197;11747;13595;11711;18196;19153;19923
6;Hessen;99;4408986;3395441;50889;46541;3344552;3348900;1185393;1033200;974954;788427;220145;271158;270221;323736;238437;386742;375528;398712

189;Eichsfeld – Nordhausen – Kyffhäuserkreis;16;216673;158339;2264;2410;156075;155929;59318;52667;22320;21652;23848;22613;3992;4778;7633;11974;33402;32854
190;Eisenach – Wartburgkreis – Unstrut-Hainich-Kreis;16;222558;163154;2314;2268;160840;160886;55378;48340;24478;23206;24899;25171;5066;5596;8075;11545;34052;35824
191;Jena – Sömmerda – Weimarer Land I;16;203210;155210;2315;1854;152895;153356;44684;42092;21668;19150;32680;28312;7544;9497;8939;13310;29451;30426
192;Gotha – Ilm-Kreis;16;198341;148065;2470;2187;145595;145878;42221;40576;27120;20391;22674;22920;4809;5411;8775;11218;34798;35091
193;Erfurt – Weimar – Weimarer Land II;16;221922;168235;2310;2077;165925;166158;45305;42168;30257;23535;30948;32239;11722;12666;9975;14260;28960;30166
194;Gera – Greiz – Altenburger Land;16;240738;176933;2820;2541;174113;174392;52980;47690;20627;19845;32573;30402;3652;4709;9712;14315;47558;47275
195;Saalfeld-Rudolstadt – Saale-Holzland-Kreis – Saale-Orla-Kreis;16;229126;171879;2527;2128;169352;169751;52311;47769;19753;20427;28926;28088;5726;5124;10323;13209;44894;43740
196;Suhl – Schmalkalden-Meiningen – Hildburghausen – Sonneberg;16;234446;170237;2365;2139;167872;168098;56316;50956;22579;22826;30646;28467;4408;5559;8147;11298;38351;38693
16;Thüringen;99;1767014;1312052;19385;17604;1292667;1294448;408513;372258;188802;171032;227194;218212;46919;53340;71579;101129;291466;294069

197;Neuwied;7;239284;181607;3402;2547;178205;179060;76933;68357;50996;45447;9521;11338;9449;10738;10898;18071;16954;19273
198;Ahrweiler;7;195618;151587;1992;1598;149595;149989;64006;60937;40944;34113;6790;8519;8616;10059;12981;17397;13105;14437
199;Koblenz;7;196999;151153;2144;1524;149009;149629;61594;56616;42777;35679;7693;10332;9273;11862;9732;16152;12153;13701
200;Mosel/Rhein-Hunsrück;7;172876;135519;2691;1815;132828;133704;58596;55606;33477;30799;7040;8143;6465;7487;11544;14924;10834;11996
201;Kreuznach;7;185172;139908;2114;1697;137794;138211;50975;47189;43373;37906;7610;9493;6750;8629;9342;13654;14914;16198
202;Bitburg;7;164480;126879;2497;1831;124382;125048;63719;55591;32017;27255;6786;7433;;7710;8703;12888;8840;10058
203;Trier;7;192846;151551;2213;1670;149338;149881;56611;55882;50283;36950;9842;12934;9645;13512;7910;13841;10414;11926
204;Montabaur;7;210114;163520;4823;1761;158697;161759;68727;60594;47312;39906;11098;9576;8225;10058;14543;17703;;17826
205;Mainz;7;248996;202534;2215;1655;200319;200879;71535;65713;56184;44203;12904;17148;21685;26415;13813;22608;14542;16535
206;Worms;7;213627;169793;2617;2128;167176;167665;68685;54721;44569;42471;8539;10811;11280;13449;10058;17543;18902;21978
207;Ludwigshafen/Frankenthal;7;215595;161867;2686;2410;159181;159457;51168;49226;50740;39822;8979;10614;8700;11621;11910;16321;23109;24641
208;Neustadt – Speyer;7;220550;176425;2704;2088;173721;174337;69504;61407;44032;37894;8207;10537;13156;15389;11734;19251;20593;22070
209;Kaiserslautern;7;229114;172316;2937;2552;169379;169764;53022;49400;57482;47986;12277;13548;8618;11360;9256;15519;21378;23206
210;Pirmasens;7;177687;135065;2830;2349;132235;132716;48719;47455;38028;32794;8019;9511;5544;6156;8846;11803;16989;18652
211;Südpfalz;7;217633;172369;2358;1962;170011;170407;68588;59309;44224;37293;8018;10975;13500;14788;10209;17560;20932;23191
7;Rheinland-Pfalz;99;3080591;2392093;40223;29587;2351870;2362506;932382;848003;676438;570518;133323;160912;140906;179233;161479;245235;223659;265688

212;Altötting;9;168221;126786;1248;876;125538;125910;68435;55417;15479;15511;6060;6659;7584;8608;7070;11209;16486;18330
213;Erding – Ebersberg;9;198198;163357;1109;755;162248;162602;78212;63525;24131;19943;6418;8352;16607;17768;11889;19407;16689;19366
214;Freising;9;235746;186647;1470;1015;185177;185632;79545;73650;24916;23029;9265;9506;17439;18036;13400;19308;23222;25178
215;Fürstenfeldbruck;9;232125;190769;1469;922;189300;189847;82602;75621;35454;25929;7699;9633;17244;20886;13661;22005;19352;21934
216;Ingolstadt;9;238605;184059;1587;1214;182472;182845;90383;76236;24799;24424;8817;9830;11515;13205;9310;17154;23720;27673
217;München-Nord;9;226436;174196;1075;668;173121;173528;55811;49953;45068;28903;10351;14302;22726;29334;16669;26241;13216;14982
218;München-Ost;9;239169;186913;1226;745;185687;186168;68255;58483;39621;29744;11655;14124;28278;29866;16451;27459;13822;15959
219;München-Süd;9;216725;170483;1086;659;169397;169824;55894;50686;39873;27500;12611;14694;23343;29560;15332;22587;12921;14578
220;München-West/Mitte;9;241282;193399;1322;778;192077;192621;64014;57322;44283;30617;13569;16638;31385;35605;17369;26356;12852;14895
221;München-Land;9;235172;197265;1129;900;196136;196365;85347;73189;31943;27490;7708;9996;26890;24837;18312;30054;16458;18470
222;Rosenheim;9;235170;186492;1544;1035;184948;185457;84981;75178;21890;20967;7036;9449;17307;18571;13750;20311;23988;25697
223;Bad Tölz-Wolfratshausen – Miesbach;9;165527;132612;1358;795;131254;131817;62465;54786;14792;14457;6922;6486;17786;13605;10702;16343;13025;15391
224;Starnberg – Landsberg am Lech;9;213628;177013;1334;747;175679;176266;73948;67512;29308;22332;6983;9594;20864;23111;16893;24950;15607;17460
225;Traunstein;9;208466;160615;1390;1046;159225;159569;80056;71196;25659;18916;7144;8508;12972;14680;9034;14614;16276;19191
226;Weilheim;9;167159;134333;1295;766;133038;133567;63784;57254;19722;15402;6229;7214;12066;12753;9370;13909;13383;16145
227;Deggendorf;9;166659;119455;1064;701;118391;118754;52167;48182;20612;16915;4955;5892;5342;5528;4707;8968;20438;22765
228;Landshut;9;249836;192966;1731;1266;191235;191700;75702;75521;25970;25095;6869;9270;12514;13856;16297;19361;24080;28061
229;Passau;9;177387;131350;1179;779;130171;130571;61835;52937;24611;19709;6246;7357;7248;8393;7900;11918;18328;20967
230;Rottal-Inn;9;168642;124299;1239;794;123060;123505;55364;52752;17683;15765;4851;5510;6061;6478;8625;11215;18539;20401
231;Straubing;9;173953;129424;1374;1215;128050;128209;60976;53712;21525;17512;4766;5590;4602;5846;5670;10308;19261;23576
232;Amberg;9;215876;169507;1657;1302;167850;168205;80075;71720;25580;26080;7461;8948;11612;11997;8388;12854;18790;21550
233;Regensburg;9;252916;198780;1891;1119;196889;197661;78858;74720;32862;28582;11761;13259;18343;20332;12254;17719;23275;25625
234;Schwandorf;9;216418;162549;3463;1268;159086;161281;77092;66827;38461;26122;7929;7339;6172;7302;7392;10608;;28006
235;Weiden;9;168415;130514;2323;1172;128191;129342;59285;55691;28614;24631;5677;6204;4553;6426;5269;8479;;17411
236;Bamberg;9;182513;145222;1089;801;144133;144421;60675;56138;29475;22529;7504;9351;13194;14279;9364;13776;16603;18392
237;Bayreuth;9;163934;127222;1051;693;126171;126529;58665;53063;26785;23198;5476;7022;8936;9994;8368;11369;11845;13566
238;Coburg;9;159654;123200;1507;1021;121693;122179;55078;48410;32163;27553;6305;6895;7129;8155;5877;9967;12763;14208
239;Hof;9;167552;126918;1060;1126;125858;125792;59182;48772;29641;27775;5560;7185;5936;6989;4716;9890;14893;16605
240;Kulmbach;9;170897;135072;1395;1160;133677;133912;74105;58112;21494;23675;5057;6431;5880;7966;5381;10335;15497;17997
241;Ansbach;9;243760;185955;2052;1537;183903;184418;81431;74425;33755;31464;11179;12208;13946;16239;7661;13825;19396;21734
242;Erlangen;9;180730;148048;888;676;147160;147372;62767;52414;30965;25578;8633;11115;16179;19862;8713;14973;11670;13953
243;Fürth;9;255491;198742;1715;1398;197027;197344;78559;69472;45055;37089;13311;15442;19088;20540;10618;17545;20968;23033
244;Nürnberg-Nord;9;192214;146205;1282;902;144923;145303;45340;40106;37068;26456;14511;16962;18463;21909;10379;15412;13398;14503
245;Nürnberg-Süd;9;181809;132085;1410;1107;130675;130978;46511;40882;34621;27467;10772;11640;10163;12166;7632;11199;17270;18679
246;Roth;9;227560;185895;1709;1341;184186;184554;81874;69743;37920;34040;8887;11635;14465;18033;8583;15990;18925;21317
247;Aschaffenburg;9;183362;144938;2048;1508;142890;143430;68708;55009;23660;25198;6833;8699;13144;13432;11381;15610;14985;16642
248;Bad Kissingen;9;216030;171202;1795;1300;169407;169902;86603;75788;32383;26904;9071;10085;11980;11359;9534;15084;17753;19650
249;Main-Spessart;9;196183;157206;1829;1238;155377;155968;72406;65245;35148;28903;7515;8562;11050;11939;7708;13720;14075;16856
250;Schweinfurt;9;199041;156159;1890;1218;154269;154941;73901;63674;26346;26163;12091;10422;11466;11717;9506;13789;17198;18905
251;Würzburg;9;225998;182961;1664;1054;181297;181907;76515;67585;33929;32126;10130;12931;25359;23719;14592;18813;13872;15764
252;Augsburg-Stadt;9;210528;153228;1586;1174;151642;152054;52769;48420;29285;24112;12850;13649;21062;18782;9191;15149;20170;21015
253;Augsburg-Land;9;248812;199077;1814;1231;197263;197846;94252;81831;27813;25240;7231;9737;14809;17447;11976;20565;24279;27045
254;Donau-Ries;9;190782;147825;1369;1000;146456;146825;68770;63638;26562;20289;6198;6687;9436;10102;7321;13440;18799;21585
255;Neu-Ulm;9;239647;182045;1669;1270;180376;180775;80503;72104;26419;24828;7855;9274;16519;14898;10780;18627;24612;27327
256;Oberallgäu;9;226604;176437;1240;1092;175197;175345;88357;72855;21451;21725;8264;10130;16162;19792;12262;18935;16825;18529
257;Ostallgäu;9;247539;191581;1692;1412;189889;190169;93430;79932;21610;23044;10153;10387;16537;16214;10627;19898;24018;25384
9;Bayern;99;9522371;7441006;69317;47796;7371689;7393210;3255487;2869688;1336404;1130931;384368;450803;661356;722116;477884;751248;773542;916300

258;Stuttgart I;8;194368;160834;1157;849;159677;159985;51118;46243;20512;23350;10409;14830;47430;31283;13399;26203;10646;11455
259;Stuttgart II;8;182501;139180;1343;1153;137837;138027;46166;40109;25469;23458;12321;12553;21850;21071;11903;19210;14345;14899
260;Böblingen;8;245678;196557;2271;1657;194286;194900;75323;68991;38053;30296;9715;10434;23206;24746;24867;29510;21842;22874
261;Esslingen;8;168715;135479;1361;1094;134118;134385;53665;44748;25697;22579;7853;8361;20501;19565;11657;18512;14390;14692
262;Nürtingen;8;207044;168052;1765;1443;166287;166609;65566;56105;31655;25190;7978;9132;24540;23673;16390;24922;19833;20544
263;Göppingen;8;178409;137585;2115;1637;135470;135948;50892;45290;29730;23924;5994;6882;16420;16749;12492;17188;19588;19956
264;Waiblingen;8;222891;178340;1933;1447;176407;176893;64958;58372;33898;28146;8626;9881;21542;21539;23568;28617;21863;22870
265;Ludwigsburg;8;218074;175304;1769;1317;173535;173987;66430;58003;30971;28547;9487;10451;24702;24000;17691;25538;20157;19780
266;Neckar-Zaber;8;229280;186362;1980;1525;184382;184837;73689;60898;36327;30472;8453;9719;23092;24282;16191;27145;23215;24212
267;Heilbronn;8;242553;185705;2595;2419;183110;183286;64591;58755;42455;32489;8448;10520;14920;19016;17566;23872;28575;30089
268;Schwäbisch Hall – Hohenlohe;8;225785;171760;1900;1965;169860;169795;68717;58215;31406;27472;7314;9594;21468;20512;14252;21629;22894;24827
269;Backnang – Schwäbisch Gmünd;8;176968;136717;1916;1406;134801;135311;55595;47588;26971;22298;7581;7999;15216;15482;10882;16717;17788;19438
270;Aalen – Heidenheim;8;221853;170191;2605;1975;167586;168216;77752;64217;35164;31341;8678;9233;16123;18427;10218;17707;18447;20616
271;Karlsruhe-Stadt;8;208868;162139;1633;1228;160506;160911;45821;44776;37924;27044;12155;15452;28268;29408;13829;19251;16073;16741
272;Karlsruhe-Land;8;209741;168801;2061;1675;166740;167126;67396;59137;32886;28591;7627;9119;19076;20489;15138;21441;19512;20887
273;Rastatt;8;206484;157208;2318;1960;154890;155248;68259;58798;29486;26374;7123;8369;16954;17766;11150;17847;18849;19701
274;Heidelberg;8;217934;179138;1568;1306;177570;177832;58019;53138;46219;32806;10751;14812;29664;30491;11769;22556;15803;16850
275;Mannheim;8;197289;144078;1504;1355;142574;142723;41812;38746;39795;30309;10493;12989;18739;18803;9835;16050;17833;18309
276;Odenwald – Tauber;8;210876;163339;2116;2114;161223;161225;75531;64208;30849;27175;8422;8907;11090;13642;11419;17564;21849;22289
277;Rhein-Neckar;8;198251;156402;1986;1748;154416;154654;57788;51797;36886;28486;8010;9738;14792;17687;12571;18933;20177;20942
278;Bruchsal – Schwetzingen;8;196426;154622;2264;1932;152358;152690;63166;53147;29684;26560;7016;8674;12641;15500;10255;18180;21960;22794
279;Pforzheim;8;219577;167977;2004;1897;165973;166080;60476;54364;31611;27101;7730;8952;16016;17869;19760;22643;26172;27107
280;Calw;8;198021;153463;1739;1858;151724;151605;65676;56330;25601;21832;6832;7759;13284;14989;14154;21646;21431;22715
281;Freiburg;8;222308;180854;1480;1319;179374;179535;50256;50423;40647;31452;13172;20168;46115;38002;9546;16725;12984;14103
282;Lörrach – Müllheim;8;232208;177399;1882;1695;175517;175704;69148;60513;36986;31249;8854;10898;26244;27014;15271;19449;16854;18459
283;Emmendingen – Lahr;8;218287;168468;2112;2024;166356;166444;62476;59784;39472;29738;8691;9588;18537;22806;14275;17626;18027;19139
284;Offenburg;8;205551;155724;2118;2075;153606;153649;73935;57033;26532;25406;8264;8411;19383;21220;9593;16940;15899;17800
285;Rottweil – Tuttlingen;8;199227;152001;1971;1951;150030;150050;64558;57060;23855;21900;5825;7141;14299;15329;16255;20328;19543;20942
286;Schwarzwald-Baar;8;165041;125344;1654;1615;123690;123729;58149;46812;20672;19337;5347;6608;12085;15113;10438;15124;14069;15350
287;Konstanz;8;205135;158861;1752;1478;157109;157383;70355;52194;26396;24529;11003;11306;21052;25202;11425;20758;15006;16215
288;Waldshut;8;177806;136595;1536;1466;135059;135129;56528;53066;32522;22122;6767;7369;16030;18842;8402;14647;12388;13299
289;Reutlingen;8;199934;157642;1839;1583;155803;156059;63494;53873;23397;23321;9711;9543;22309;21695;15533;21425;18702;20171
290;Tübingen;8;196488;159801;1615;1391;158186;158410;56446;48828;27325;24865;13862;15096;30197;28521;12504;18718;13684;15887
291;Ulm;8;222673;177460;2016;1597;175444;175863;74849;64988;35456;27889;8105;9976;20990;24160;14173;20277;18734;20432
292;Biberach;8;167025;131693;1611;1418;130082;130275;57837;56162;22034;16557;4907;5997;17589;14729;9775;14321;14640;16236
293;Bodensee;8;172782;137146;1352;1195;135794;135951;56165;50428;24451;19321;7185;8316;18811;20015;11999;17954;14079;14164
294;Ravensburg;8;186958;146174;1517;1387;144657;144787;55758;56264;17958;19398;7860;8889;29216;21770;14672;16441;13668;14901
295;Zollernalb – Sigmaringen;8;183588;139548;2354;1821;137194;137727;61694;52284;19716;19446;6450;7061;17489;15798;12695;18394;18609;18814
8;Baden-Württemberg;99;7732597;6053943;70712;60975;5983231;5992968;2350054;2061687;1166668;982370;325019;380727;801880;807205;517512;762008;690128;730499

296;Saarbrücken;10;199885;147602;2304;2172;145298;145430;45664;41394;46688;38322;19262;21669;8782;11748;7672;11753;12950;14042
297;Saarlouis;10;207501;160430;2415;2825;158015;157605;60102;52981;50672;42476;17142;20320;5532;8598;6069;12059;14224;15506
298;St. Wendel;10;177468;141387;2618;2689;138769;138698;57987;50660;42129;38368;13584;15686;4674;6662;6517;9569;11646;12627
299;Homburg;10;192410;145992;2671;2467;143321;143525;48102;44538;45022;39729;15724;17773;7128;8109;7369;11096;15767;16745
10;Saarland;99;777264;595411;10008;10153;585403;585258;211855;189573;184511;158895;65712;75448;26116;35117;27627;44477;54587;58920

99;Bundesgebiet;-1;61688485;46976341;586726;460849;46389615;46515492;17286238;15317344;11429231;9539381;3966637;4297270;3717922;4158400;3249238;4999449;5317499;5878115
